Category,SC_Winner,SC_Acc,Confidence,Valid_K,K_Total,Duration,Infra_Noise,Infra_Noise_Rate,Cost
GPQA (Molecular Biology),C,0,0.5857,70,70,59.48,0,0.0,0.21823
GPQA (Physics (general)),A,1,0.8615,65,70,147.28,5,0.0714,0.230856
GPQA (Organic Chemistry),A,1,0.4082,49,70,277.04,19,0.2714,0.407458
GPQA (Organic Chemistry),D,0,0.587,46,70,331.32,19,0.2714,0.629668
GPQA (Chemistry (general)),C,0,0.6757,37,70,382.39,30,0.4286,0.349264
GPQA (Relativistic Mechanics),A,1,0.9804,51,70,255.84,19,0.2714,0.333176
GPQA (Organic Chemistry),D,0,0.4906,53,70,191.95,17,0.2429,0.227002
GPQA (Organic Chemistry),C,0,0.6897,58,70,204.99,12,0.1714,0.304656
GPQA (Quantum Mechanics),B,1,0.9091,66,70,185.13,4,0.0571,0.382392
GPQA (Physics (general)),A,0,1.0,56,70,165.76,13,0.1857,0.287854
GPQA (Electromagnetism and Photonics),D,0,0.6429,56,70,125.65,14,0.2,0.14649
GPQA (Organic Chemistry),C,0,1.0,64,70,107.38,6,0.0857,0.237714
GPQA (Chemistry (general)),B,0,0.8108,37,70,423.59,20,0.2857,0.692416
GPQA (Molecular Biology),C,1,0.6522,46,70,127.79,17,0.2429,0.071808
GPQA (Chemistry (general)),D,1,0.4186,43,70,312.26,19,0.2714,0.590076
GPQA (Chemistry (general)),C,0,0.7143,49,70,349.24,21,0.3,0.524688
GPQA (Quantum Mechanics),D,1,1.0,31,70,250.24,39,0.5571,0.073246
GPQA (Chemistry (general)),D,0,0.7286,70,70,95.73,0,0.0,0.23139
GPQA (Quantum Mechanics),B,1,0.9091,66,70,213.97,4,0.0571,0.421466
GPQA (Organic Chemistry),C,0,0.7209,43,70,322.66,20,0.2857,0.494788
GPQA (Genetics),C,1,1.0,42,70,177.24,21,0.3,0.117032
GPQA (High-energy particle physics),D,1,1.0,65,70,82.56,5,0.0714,0.160398
GPQA (High-energy particle physics),D,1,0.75,64,70,190.95,6,0.0857,0.367276
GPQA (Quantum Mechanics),D,1,0.7143,42,70,335.47,22,0.3143,0.521922
GPQA (Genetics),A,0,0.5,36,70,284.96,30,0.4286,0.339612
GPQA (Molecular Biology),C,0,1.0,51,70,162.5,19,0.2714,0.126362
GPQA (Chemistry (general)),B,1,0.9206,63,70,263.86,6,0.0857,0.456272
GPQA (Organic Chemistry),C,0,0.65,60,70,134.4,10,0.1429,0.243158
GPQA (Organic Chemistry),C,1,0.6508,63,70,114.51,7,0.1,0.122406
GPQA (Quantum Mechanics),A,0,0.551,49,70,328.84,21,0.3,0.616896
GPQA (Physics (general)),A,1,0.7727,44,70,265.6,26,0.3714,0.30716
GPQA (Astrophysics),C,1,0.75,40,70,320.3,29,0.4143,0.320418
GPQA (Chemistry (general)),A,1,1.0,64,70,161.62,6,0.0857,0.300484
GPQA (Astrophysics),A,1,0.4355,62,70,271.28,8,0.1143,0.486168
GPQA (Molecular Biology),D,0,1.0,65,70,64.42,5,0.0714,0.093738
GPQA (Genetics),A,0,0.9714,70,70,75.56,0,0.0,0.197902
GPQA (Molecular Biology),B,1,0.9219,64,70,89.16,6,0.0857,0.146502
GPQA (Molecular Biology),A,0,0.7907,43,70,252.89,17,0.2429,0.628798
GPQA (Condensed Matter Physics),A,0,0.5577,52,70,216.25,18,0.2571,0.34071
GPQA (Chemistry (general)),A,1,0.8,35,70,174.4,23,0.3286,0.122578
GPQA (High-energy particle physics),B,0,0.74,50,70,200.41,18,0.2571,0.275878
GPQA (Organic Chemistry),B,1,1.0,56,70,172.34,13,0.1857,0.209688
GPQA (Astrophysics),B,1,0.541,61,70,113.64,9,0.1286,0.158376
GPQA (Molecular Biology),C,1,1.0,36,70,62.72,6,0.0857,0.145762
GPQA (Molecular Biology),B,1,1.0,68,70,52.51,2,0.0286,0.108872
GPQA (Molecular Biology),D,0,1.0,68,70,44.44,2,0.0286,0.113
GPQA (Astrophysics),C,1,0.9839,62,70,135.61,8,0.1143,0.259246
GPQA (High-energy particle physics),B,1,0.9846,65,70,199.95,5,0.0714,0.38705
GPQA (Astrophysics),B,1,1.0,67,70,123.91,3,0.0429,0.259664
GPQA (Organic Chemistry),C,0,0.7568,37,70,308.45,21,0.3,0.596274
GPQA (Molecular Biology),A,0,0.7222,36,70,224.07,34,0.4857,0.04716
GPQA (Organic Chemistry),B,0,0.7551,49,70,268.2,17,0.2429,0.3644
GPQA (Organic Chemistry),B,1,0.76,50,70,247.39,19,0.2714,0.329188
GPQA (Physics (general)),B,1,0.8939,66,70,207.54,4,0.0571,0.396092
GPQA (Physics (general)),A,1,0.9615,52,70,195.69,18,0.2571,0.25682
GPQA (Organic Chemistry),B,0,0.5106,47,70,282.34,21,0.3,0.431824
GPQA (Chemistry (general)),C,1,0.6531,49,70,230.41,21,0.3,0.245166
GPQA (Organic Chemistry),C,1,0.94,50,70,212.0,20,0.2857,0.176692
GPQA (High-energy particle physics),D,1,1.0,68,70,46.2,2,0.0286,0.05608
GPQA (Molecular Biology),A,1,1.0,67,70,49.16,3,0.0429,0.087066
GPQA (High-energy particle physics),C,1,1.0,62,70,145.45,8,0.1143,0.489202
GPQA (Chemistry (general)),B,1,1.0,69,70,155.05,1,0.0143,0.323856
GPQA (Chemistry (general)),D,1,0.7818,55,70,221.2,13,0.1857,0.379536
GPQA (Molecular Biology),C,1,1.0,61,70,104.62,9,0.1286,0.060202
GPQA (Analytical Chemistry),B,1,0.5789,57,70,185.47,13,0.1857,0.268002
GPQA (Physics (general)),C,0,0.5738,61,70,214.18,9,0.1286,0.420912
GPQA (Chemistry (general)),D,1,0.8154,65,70,184.48,5,0.0714,0.306164
GPQA (Molecular Biology),C,0,0.5758,66,70,69.16,4,0.0571,0.14052
GPQA (Astrophysics),B,1,1.0,57,70,188.78,12,0.1714,0.325246
GPQA (Chemistry (general)),D,1,1.0,52,70,225.87,18,0.2571,0.3061
GPQA (Organic Chemistry),A,0,0.6222,45,70,322.21,21,0.3,0.650686
GPQA (High-energy particle physics),C,0,0.9231,39,70,291.7,29,0.4143,0.271694
GPQA (Quantum Mechanics),A,1,1.0,48,70,186.56,22,0.3143,0.090008
GPQA (Organic Chemistry),C,0,1.0,69,70,47.61,1,0.0143,0.144264
GPQA (Electromagnetism and Photonics),B,1,1.0,65,70,142.44,5,0.0714,0.352782
GPQA (Astrophysics),D,1,0.6316,57,70,208.12,13,0.1857,0.346482
GPQA (Organic Chemistry),C,0,0.459,61,70,119.61,9,0.1286,0.23577
GPQA (Quantum Mechanics),B,1,0.6545,55,70,303.93,15,0.2143,0.537176
GPQA (Molecular Biology),B,1,1.0,48,70,203.87,22,0.3143,0.202558
GPQA (Chemistry (general)),D,0,0.4516,62,70,96.7,8,0.1143,0.128048
GPQA (Organic Chemistry),D,1,0.4821,56,70,273.19,14,0.2,0.404234
GPQA (Organic Chemistry),A,1,0.7568,37,70,316.77,22,0.3143,0.560788
GPQA (Organic Chemistry),D,0,0.5,44,70,427.21,23,0.3286,0.633974
GPQA (Chemistry (general)),D,0,0.871,31,70,414.5,29,0.4143,0.512308
GPQA (Genetics),B,0,0.6304,46,70,156.11,24,0.3429,0.066186
GPQA (Organic Chemistry),D,1,0.7778,45,70,286.69,20,0.2857,0.53231
GPQA (Organic Chemistry),C,1,0.619,42,70,280.07,28,0.4,0.365466
GPQA (Genetics),D,1,0.9091,44,70,232.37,26,0.3714,0.147964
GPQA (Molecular Biology),A,1,1.0,68,70,49.28,2,0.0286,0.072712
GPQA (Organic Chemistry),D,1,0.6071,56,70,206.79,14,0.2,0.476694
GPQA (Molecular Biology),C,0,1.0,51,70,150.21,19,0.2714,0.089382
GPQA (Quantum Mechanics),C,1,0.8644,59,70,149.8,8,0.1143,0.296672
GPQA (Molecular Biology),D,1,1.0,57,70,116.01,13,0.1857,0.114874
GPQA (Molecular Biology),B,1,1.0,66,70,44.48,4,0.0571,0.096642
GPQA (Genetics),B,1,1.0,69,70,53.1,1,0.0143,0.17427
GPQA (Condensed Matter Physics),B,1,0.9057,53,70,271.25,17,0.2429,0.521712
GPQA (Organic Chemistry),A,0,0.725,40,70,268.93,27,0.3857,0.305446
GPQA (Chemistry (general)),D,0,0.7027,37,70,301.35,33,0.4714,0.24837
GPQA (Organic Chemistry),C,0,0.4194,62,70,90.81,8,0.1143,0.124384
GPQA (Chemistry (general)),B,0,0.6,50,70,207.01,18,0.2571,0.313302
GPQA (Physics (general)),A,1,0.6667,42,70,83.05,8,0.1143,0.09791
GPQA (Electromagnetism and Photonics),C,1,1.0,67,70,108.22,3,0.0429,0.2575
GPQA (Genetics),C,0,0.5957,47,70,255.56,16,0.2286,0.514716
GPQA (Organic Chemistry),D,0,0.7347,49,70,252.8,21,0.3,0.289368
GPQA (Organic Chemistry),B,0,0.6154,52,70,302.22,15,0.2143,0.439444
GPQA (Chemistry (general)),B,0,0.5,60,70,220.77,10,0.1429,0.315678
GPQA (Astrophysics),D,1,0.7246,69,70,128.57,1,0.0143,0.254046
GPQA (High-energy particle physics),B,1,0.9118,68,70,52.68,2,0.0286,0.093566
GPQA (High-energy particle physics),B,0,0.5641,39,70,425.72,5,0.0714,1.045046
GPQA (Quantum Mechanics),B,1,0.9348,46,70,341.62,24,0.3429,0.306024
GPQA (Quantum Mechanics),B,1,1.0,70,70,47.84,0,0.0,0.175954
GPQA (Chemistry (general)),D,1,1.0,61,70,153.26,9,0.1286,0.268472
GPQA (Quantum Mechanics),A,1,0.9219,64,70,70.44,6,0.0857,0.074674
GPQA (Statistical Mechanics),D,0,0.5692,65,70,179.11,5,0.0714,0.373176
GPQA (High-energy particle physics),B,1,0.9836,61,70,175.09,9,0.1286,0.218008
GPQA (Electromagnetism and Photonics),B,1,0.6591,44,70,387.46,22,0.3143,0.650954
GPQA (Organic Chemistry),C,0,0.9592,49,70,178.11,21,0.3,0.177024
GPQA (Chemistry (general)),A,1,0.75,56,70,291.92,14,0.2,0.474756
GPQA (Quantum Mechanics),A,0,0.8462,39,70,285.7,22,0.3143,0.50382
GPQA (Quantum Mechanics),B,0,0.5957,47,70,225.16,20,0.2857,0.317682
GPQA (Molecular Biology),A,1,1.0,50,70,166.63,20,0.2857,0.074056
GPQA (Organic Chemistry),A,0,0.875,32,70,316.28,21,0.3,0.622048
GPQA (Organic Chemistry),C,0,0.9524,42,70,267.71,28,0.4,0.28337
GPQA (Analytical Chemistry),A,0,1.0,49,70,151.57,21,0.3,0.093796
GPQA (Organic Chemistry),D,0,0.5,32,70,347.06,21,0.3,0.546322
GPQA (Physics (general)),D,1,1.0,48,70,249.78,22,0.3143,0.206544
GPQA (Molecular Biology),B,1,0.6038,53,70,254.25,16,0.2286,0.394796
GPQA (Astrophysics),D,1,0.9583,48,70,233.31,22,0.3143,0.236132
GPQA (Organic Chemistry),C,1,0.5952,42,70,336.19,20,0.2857,0.572748
GPQA (Molecular Biology),B,0,1.0,39,70,237.25,31,0.4429,0.062506
GPQA (Organic Chemistry),D,1,0.9783,46,70,257.1,17,0.2429,0.464552
GPQA (Organic Chemistry),C,0,0.5957,47,70,290.05,22,0.3143,0.415202
GPQA (Chemistry (general)),B,0,0.3243,37,70,353.63,29,0.4143,0.475264
GPQA (Organic Chemistry),A,0,0.7368,38,70,247.47,32,0.4571,0.129562
GPQA (Chemistry (general)),D,1,0.8154,65,70,82.87,5,0.0714,0.306486
GPQA (Electromagnetism and Photonics),A,0,0.5957,47,70,286.93,19,0.2714,0.476882
GPQA (Organic Chemistry),A,1,0.6522,46,70,259.75,24,0.3429,0.326438
GPQA (Chemistry (general)),A,1,1.0,39,70,226.16,31,0.4429,0.087012
GPQA (Chemistry (general)),C,1,1.0,67,70,47.63,3,0.0429,0.084872
GPQA (Statistical Mechanics),A,1,0.9672,61,70,199.76,9,0.1286,0.45556
GPQA (Organic Chemistry),C,0,0.6364,44,70,305.5,19,0.2714,0.566998
GPQA (Organic Chemistry),A,1,1.0,37,70,245.49,33,0.4714,0.164126
GPQA (Relativistic Mechanics),A,0,0.7,40,70,276.41,25,0.3571,0.373282
GPQA (Chemistry (general)),D,1,1.0,53,70,132.11,17,0.2429,0.051938
GPQA (Organic Chemistry),D,1,1.0,48,70,256.97,17,0.2429,0.48561
GPQA (Quantum Mechanics),D,1,0.963,54,70,187.38,16,0.2286,0.232776
GPQA (Organic Chemistry),A,0,0.3824,68,70,51.95,2,0.0286,0.119602
GPQA (Physics (general)),A,1,0.7368,38,70,366.46,20,0.2857,0.689634
GPQA (Organic Chemistry),C,0,0.5,28,70,366.51,22,0.3143,0.658944
GPQA (Relativistic Mechanics),C,1,0.9444,36,70,254.07,34,0.4857,0.046416
GPQA (Astrophysics),B,1,0.9077,65,70,189.48,5,0.0714,0.366074
GPQA (Quantum Mechanics),A,1,0.541,61,70,121.02,9,0.1286,0.20934
GPQA (Physics (general)),C,1,0.55,60,70,159.67,10,0.1429,0.258868
GPQA (Organic Chemistry),B,0,0.5217,46,70,268.97,20,0.2857,0.392534
GPQA (Molecular Biology),C,1,0.5179,56,70,140.75,14,0.2,0.143554
GPQA (Chemistry (general)),B,0,0.4074,54,70,284.5,16,0.2286,0.423376
GPQA (Quantum Mechanics),D,0,0.5625,48,70,262.55,21,0.3,0.351894
GPQA (Organic Chemistry),B,0,0.5714,49,70,290.12,19,0.2714,0.468874
GPQA (Organic Chemistry),D,0,0.8056,36,70,321.06,30,0.4286,0.353984
GPQA (Organic Chemistry),B,1,1.0,40,70,223.22,30,0.4286,0.104566
GPQA (Quantum Mechanics),D,1,0.5538,65,70,65.4,5,0.0714,0.12879
GPQA (Organic Chemistry),C,0,0.7143,42,70,301.51,19,0.2714,0.541358
GPQA (Quantum Mechanics),A,1,0.7333,45,70,305.97,25,0.3571,0.26674
GPQA (Chemistry (general)),A,0,0.5091,55,70,131.01,15,0.2143,0.210984
GPQA (Molecular Biology),D,1,0.5714,49,70,358.42,20,0.2857,0.746464
GPQA (Quantum Mechanics),C,1,0.9737,38,70,203.76,32,0.4571,0.06594
GPQA (Physics (general)),D,1,0.9206,63,70,171.31,7,0.1,0.30003
GPQA (Chemistry (general)),C,1,0.9574,47,70,292.6,20,0.2857,0.466044
GPQA (Organic Chemistry),A,0,0.5714,49,70,320.23,21,0.3,0.62327
GPQA (High-energy particle physics),C,0,0.4318,44,70,286.58,26,0.3714,0.302364
GPQA (Genetics),D,1,0.9167,36,70,315.08,21,0.3,0.520732
GPQA (Molecular Biology),A,1,0.8095,42,70,186.46,28,0.4,0.044588
GPQA (High-energy particle physics),A,1,0.5846,65,70,89.82,5,0.0714,0.18213
GPQA (Molecular Biology),C,0,0.5882,68,70,44.71,2,0.0286,0.076714
GPQA (Electromagnetism and Photonics),A,1,1.0,64,70,114.55,6,0.0857,0.21933
GPQA (Molecular Biology),B,1,1.0,65,70,109.22,5,0.0714,0.128172
GPQA (Organic Chemistry),C,1,0.5283,53,70,227.92,16,0.2286,0.392674
GPQA (Astrophysics),C,1,0.5577,52,70,303.49,18,0.2571,0.39671
GPQA (Genetics),D,0,0.5167,60,70,83.07,2,0.0286,0.278378
GPQA (Chemistry (general)),B,1,0.7273,55,70,278.81,15,0.2143,0.429808
GPQA (Organic Chemistry),A,0,0.5385,52,70,275.81,18,0.2571,0.46297
GPQA (Physics (general)),C,1,0.7727,44,70,299.04,26,0.3714,0.358224
GPQA (Astrophysics),D,0,0.3953,43,70,264.07,27,0.3857,0.286996
GPQA (Relativistic Mechanics),C,0,0.6429,42,70,410.12,21,0.3,0.755708
GPQA (Physics (general)),A,1,1.0,49,70,192.79,21,0.3,0.11575
GPQA (Organic Chemistry),D,1,1.0,50,70,243.3,20,0.2857,0.363736
GPQA (Chemistry (general)),B,1,0.9844,64,70,164.11,6,0.0857,0.228758
GPQA (Quantum Mechanics),A,1,0.9787,47,70,250.34,19,0.2714,0.401748
GPQA (Quantum Mechanics),A,1,1.0,51,70,187.68,19,0.2714,0.202416
GPQA (Molecular Biology),A,1,1.0,63,70,82.92,7,0.1,0.108274
GPQA (Organic Chemistry),B,0,0.5692,65,70,107.19,5,0.0714,0.244174
GPQA (Quantum Mechanics),A,1,0.9623,53,70,178.73,17,0.2429,0.238372
GPQA (Organic Chemistry),C,0,0.75,40,70,289.54,18,0.2571,0.501746
GPQA (Electromagnetism and Photonics),C,0,1.0,43,70,204.93,27,0.3857,0.085736
GPQA (Organic Chemistry),A,1,0.5208,48,70,259.28,19,0.2714,0.454286
GPQA (Physics (general)),B,1,0.8857,35,70,316.82,25,0.3571,0.429668
GPQA (Quantum Mechanics),C,0,0.7429,35,70,371.75,34,0.4857,0.35046
GPQA (High-energy particle physics),B,0,0.5556,63,70,69.67,7,0.1,0.051048
GPQA (Chemistry (general)),D,1,0.8806,67,70,154.93,3,0.0429,0.309444
GPQA (Chemistry (general)),C,1,0.6809,47,70,51.98,2,0.0286,0.208772
GPQA (Quantum Mechanics),B,1,0.8367,49,70,289.36,17,0.2429,0.461684
GPQA (Organic Chemistry),D,1,1.0,48,70,189.26,22,0.3143,0.175996
GPQA (Genetics),B,1,0.6512,43,70,370.12,22,0.3143,0.579826
GPQA (Organic Chemistry),B,1,0.9333,30,70,278.92,36,0.5143,0.183828
GPQA (Inorganic Chemistry),C,1,0.9298,57,70,251.96,13,0.1857,0.375422
GPQA (Relativistic Mechanics),C,1,0.6552,58,70,280.39,12,0.1714,0.471596
GPQA (Organic Chemistry),B,1,1.0,41,70,260.64,27,0.3857,0.273294
GPQA (Organic Chemistry),B,1,0.6,35,70,356.52,19,0.2714,0.633668
GPQA (High-energy particle physics),C,1,0.9375,32,70,245.2,38,0.5429,0.027948
GPQA (Quantum Mechanics),A,1,0.8772,57,70,139.63,13,0.1857,0.180794
GPQA (Molecular Biology),B,1,1.0,68,70,57.21,2,0.0286,0.119302
GPQA (Chemistry (general)),C,1,1.0,28,70,336.02,21,0.3,0.655206
GPQA (Quantum Mechanics),B,1,0.9792,48,70,329.44,21,0.3,0.401958
GPQA (High-energy particle physics),C,0,0.84,50,70,269.22,19,0.2714,0.4366
GPQA (Inorganic Chemistry),B,0,0.6341,41,70,403.82,21,0.3,0.636046
GPQA (Organic Chemistry),D,1,0.6512,43,70,302.43,27,0.3857,0.432756
GPQA (Quantum Mechanics),D,1,0.9744,39,70,352.49,31,0.4429,0.33234
GPQA (High-energy particle physics),C,1,0.5625,64,70,102.96,6,0.0857,0.121114
GPQA (Organic Chemistry),B,1,1.0,63,70,120.27,7,0.1,0.21185
GPQA (Organic Chemistry),B,1,1.0,61,70,148.19,9,0.1286,0.300314
GPQA (Quantum Mechanics),D,1,1.0,64,70,204.17,4,0.0571,0.430188
GPQA (Molecular Biology),C,1,1.0,56,70,107.12,14,0.2,0.062552
GPQA (Molecular Biology),C,0,1.0,68,70,46.38,2,0.0286,0.0836
GPQA (Organic Chemistry),A,1,1.0,69,70,52.48,1,0.0143,0.158608
GPQA (Chemistry (general)),D,1,0.5902,61,70,213.85,9,0.1286,0.437256
GPQA (Quantum Mechanics),B,1,0.5085,59,70,127.98,11,0.1571,0.197166
GPQA (High-energy particle physics),D,0,0.7612,67,70,50.22,3,0.0429,0.062922
GPQA (High-energy particle physics),C,1,1.0,28,70,374.82,22,0.3143,0.624148
GPQA (Statistical Mechanics),D,0,0.549,51,70,172.3,19,0.2714,0.12933
GPQA (Organic Chemistry),D,1,0.6809,47,70,286.65,16,0.2286,0.49755
GPQA (Genetics),D,1,1.0,43,70,180.34,27,0.3857,0.033462
GPQA (Organic Chemistry),A,1,0.9032,31,70,336.34,20,0.2857,0.591684
GPQA (Organic Chemistry),B,0,0.9032,31,70,290.18,31,0.4429,0.26872
GPQA (Molecular Biology),D,1,0.5957,47,70,164.24,23,0.3286,0.042224
GPQA (Chemistry (general)),B,0,0.6512,43,70,341.43,20,0.2857,0.581494
GPQA (Quantum Mechanics),A,1,1.0,40,70,245.27,30,0.4286,0.169912
GPQA (Chemistry (general)),B,0,0.6452,62,70,120.8,8,0.1143,0.125994
GPQA (High-energy particle physics),C,0,0.5323,62,70,114.86,8,0.1143,0.289444
GPQA (Astrophysics),B,1,0.8438,64,70,163.43,6,0.0857,0.25843
GPQA (Quantum Mechanics),C,1,0.66,50,70,271.03,17,0.2429,0.422862
GPQA (Genetics),B,0,0.9655,29,70,341.42,23,0.3286,0.520358
GPQA (Physics (general)),D,1,0.8537,41,70,271.31,29,0.4143,0.152228
GPQA (Astrophysics),C,0,0.541,61,70,104.41,8,0.1143,0.198284
GPQA (Physics (general)),B,0,0.614,57,70,242.49,13,0.1857,0.379182
GPQA (High-energy particle physics),A,1,1.0,58,70,185.93,12,0.1714,0.278882
GPQA (Organic Chemistry),D,0,0.68,50,70,342.36,20,0.2857,0.5463
GPQA (Quantum Mechanics),C,0,0.7826,46,70,280.47,24,0.3429,0.325498
GPQA (Physics (general)),C,1,0.5,54,70,280.22,16,0.2286,0.376208
GPQA (Quantum Mechanics),B,1,0.9444,54,70,237.06,16,0.2286,0.317762
GPQA (Relativistic Mechanics),A,1,1.0,58,70,188.22,12,0.1714,0.275784
GPQA (Physics (general)),(A),1,0.3143,70,70,167.74,0,0.0,0.320088
GPQA (Molecular Biology),D,1,0.6667,42,70,383.29,21,0.3,0.885778
GPQA (Quantum Mechanics),B,0,0.7812,32,70,473.03,19,0.2714,0.836916
GPQA (High-energy particle physics),D,1,1.0,47,70,196.57,23,0.3286,0.301884
GPQA (Genetics),B,1,0.6364,66,70,152.63,4,0.0571,0.331682
GPQA (Organic Chemistry),C,0,0.5714,49,70,363.65,20,0.2857,0.58656
GPQA (Inorganic Chemistry),B,0,0.9655,29,70,418.31,23,0.3286,0.631154
GPQA (Organic Chemistry),C,1,0.6286,35,70,273.2,35,0.5,0.07825
GPQA (Quantum Mechanics),A,1,0.8,35,70,355.72,21,0.3,0.569072
GPQA (Molecular Biology),A,1,1.0,40,70,189.71,30,0.4286,0.045126
GPQA (High-energy particle physics),B,0,0.5833,48,70,351.73,19,0.2714,0.61377
GPQA (Molecular Biology),B,1,0.9762,42,70,266.46,21,0.3,0.485438
GPQA (Physics (general)),D,1,0.9333,45,70,217.71,24,0.3429,0.190384
GPQA (Molecular Biology),B,0,0.5224,67,70,56.73,3,0.0429,0.145708
GPQA (Quantum Mechanics),D,1,0.9744,39,70,393.71,21,0.3,0.698054
GPQA (Organic Chemistry),C,0,0.56,50,70,324.62,20,0.2857,0.61742
GPQA (Quantum Mechanics),D,1,0.6667,33,70,271.41,37,0.5286,0.125222
GPQA (Molecular Biology),A,0,0.5692,65,70,59.8,5,0.0714,0.19906
GPQA (Physics (general)),B,1,0.6571,35,70,439.63,20,0.2857,0.726034
GPQA (Organic Chemistry),A,0,0.4902,51,70,176.24,19,0.2714,0.180732
GPQA (Astrophysics),B,1,0.5283,53,70,283.71,16,0.2286,0.419508
GPQA (Astrophysics),C,1,0.6591,44,70,412.71,19,0.2714,0.71398
GPQA (Astrophysics),D,1,0.7647,51,70,234.52,19,0.2714,0.241034
GPQA (Organic Chemistry),A,0,0.5185,54,70,204.22,15,0.2143,0.329678
GPQA (Astrophysics),B,1,1.0,66,70,92.28,4,0.0571,0.225864
GPQA (Electromagnetism and Photonics),C,1,1.0,62,70,121.42,8,0.1143,0.264448
GPQA (Astrophysics),B,0,0.6744,43,70,253.45,20,0.2857,0.4292
GPQA (Organic Chemistry),D,1,0.5957,47,70,375.69,21,0.3,0.610414
GPQA (Quantum Mechanics),C,1,1.0,38,70,278.13,31,0.4429,0.14744
GPQA (Molecular Biology),A,0,0.8485,33,70,495.89,17,0.2429,0.743646
GPQA (Organic Chemistry),B,1,1.0,50,70,282.47,20,0.2857,0.461282
GPQA (Organic Chemistry),B,1,0.7692,39,70,329.62,31,0.4429,0.311956
GPQA (Astrophysics),B,0,0.7568,37,70,407.38,31,0.4429,0.436742
GPQA (Molecular Biology),C,0,1.0,50,70,63.72,4,0.0571,0.139894
GPQA (Condensed Matter Physics),A,1,1.0,70,70,47.83,0,0.0,0.185456
GPQA (Organic Chemistry),C,1,0.6809,47,70,317.11,21,0.3,0.51377
GPQA (Organic Chemistry),A,1,0.6129,31,70,330.12,25,0.3571,0.486392
GPQA (Organic Chemistry),A,0,0.9697,33,70,291.01,37,0.5286,0.189136
GPQA (Chemistry (general)),A,1,0.9841,63,70,248.98,7,0.1,0.45536
GPQA (Physics (general)),C,0,0.5185,54,70,195.04,15,0.2143,0.277044
GPQA (Chemistry (general)),C,1,0.7255,51,70,266.06,15,0.2143,0.471048
GPQA (Chemistry (general)),C,1,0.3137,51,70,158.49,19,0.2714,0.068248
GPQA (High-energy particle physics),A,1,0.963,54,70,205.72,16,0.2286,0.448052
GPQA (Chemistry (general)),D,1,0.5741,54,70,139.72,16,0.2286,0.088384
GPQA (Organic Chemistry),A,1,0.5179,56,70,267.49,14,0.2,0.434936
GPQA (Physics (general)),B,1,1.0,61,70,98.76,9,0.1286,0.051424
GPQA (Astrophysics),B,1,0.597,67,70,261.91,3,0.0429,0.582092
GPQA (Organic Chemistry),B,0,0.7949,39,70,313.39,21,0.3,0.540802
GPQA (Organic Chemistry),A,0,1.0,28,70,344.16,28,0.4,0.435204
GPQA (Physics (general)),A,1,0.7368,38,70,259.09,32,0.4571,0.188638
GPQA (Physics (general)),B,1,0.5094,53,70,146.03,17,0.2429,0.219738
GPQA (High-energy particle physics),C,0,0.9375,48,70,349.14,20,0.2857,0.535832
GPQA (Chemistry (general)),B,1,0.5345,58,70,180.0,12,0.1714,0.275668
GPQA (Chemistry (general)),B,1,0.7429,35,70,356.66,22,0.3143,0.599336
GPQA (Molecular Biology),C,1,1.0,45,70,168.69,24,0.3429,0.047072
GPQA (Molecular Biology),B,1,1.0,70,70,57.47,0,0.0,0.13967
GPQA (Organic Chemistry),B,0,0.5385,39,70,364.51,19,0.2714,0.632328
GPQA (Quantum Mechanics),D,0,0.5682,44,70,292.38,26,0.3714,0.252698
GPQA (Physics (general)),D,0,0.9697,66,70,234.95,4,0.0571,0.384376
GPQA (Organic Chemistry),B,0,0.7381,42,70,318.18,20,0.2857,0.555124
GPQA (Organic Chemistry),D,0,0.8182,33,70,313.28,31,0.4429,0.311644
GPQA (Organic Chemistry),D,1,0.7568,37,70,308.78,31,0.4429,0.290514
GPQA (High-energy particle physics),C,1,0.807,57,70,128.79,13,0.1857,0.09732
GPQA (Organic Chemistry),A,1,0.9333,45,70,302.85,20,0.2857,0.415898
GPQA (Chemistry (general)),B,0,0.5714,49,70,447.19,21,0.3,0.640274
GPQA (Molecular Biology),C,0,0.551,49,70,232.15,18,0.2571,0.318952
GPQA (Molecular Biology),B,1,1.0,55,70,128.82,15,0.2143,0.142914
GPQA (Chemistry (general)),C,1,1.0,67,70,49.72,3,0.0429,0.141062
GPQA (Organic Chemistry),B,0,0.5185,54,70,272.09,15,0.2143,0.506254
GPQA (Organic Chemistry),D,0,1.0,29,70,331.69,26,0.3714,0.449386
GPQA (Physics (general)),C,0,0.7568,37,70,414.79,29,0.4143,0.441322
GPQA (Organic Chemistry),C,0,0.7143,35,70,530.53,22,0.3143,0.645396
GPQA (Molecular Biology),C,1,1.0,62,70,90.06,8,0.1143,0.145996
GPQA (Organic Chemistry),D,0,0.8148,54,70,252.39,16,0.2286,0.407088
GPQA (Quantum Mechanics),A,0,0.56,50,70,144.87,20,0.2857,0.089304
GPQA (Chemistry (general)),A,0,0.4571,35,70,362.44,21,0.3,0.627144
GPQA (Organic Chemistry),D,0,0.5349,43,70,307.19,20,0.2857,0.467386
GPQA (Organic Chemistry),B,1,0.875,32,70,256.86,38,0.5429,0.049806
GPQA (High-energy particle physics),A,0,0.6327,49,70,304.2,21,0.3,0.566904
GPQA (Organic Chemistry),A,0,0.6667,39,70,347.34,22,0.3143,0.470696
GPQA (Molecular Biology),B,1,1.0,35,70,256.93,35,0.5,0.051272
GPQA (High-energy particle physics),B,0,0.6522,46,70,404.3,19,0.2714,0.4879
GPQA (Molecular Biology),C,1,0.6154,39,70,51.12,3,0.0429,0.13561
GPQA (High-energy particle physics),C,1,0.7164,67,70,173.18,0,0.0,0.389744
GPQA (Organic Chemistry),A,1,0.7073,41,70,305.28,26,0.3714,0.47302
GPQA (Astrophysics),B,0,0.6512,43,70,381.99,27,0.3857,0.446548
GPQA (Molecular Biology),B,1,0.5536,56,70,445.75,14,0.2,0.73516
GPQA (Organic Chemistry),B,0,0.7179,39,70,319.59,21,0.3,0.584024
GPQA (Organic Chemistry),C,1,1.0,39,70,253.0,30,0.4286,0.110246
GPQA (Astrophysics),C,0,0.6825,63,70,218.65,7,0.1,0.3866
GPQA (Molecular Biology),A,1,0.8909,55,70,182.7,14,0.2,0.408574
GPQA (Organic Chemistry),A,1,0.5,40,70,391.69,20,0.2857,0.608568
GPQA (Organic Chemistry),B,0,0.5,28,70,328.32,26,0.3714,0.470156
GPQA (Physical Chemistry),D,1,1.0,43,70,277.1,27,0.3857,0.20765
GPQA (Organic Chemistry),B,1,0.7619,63,70,141.42,7,0.1,0.262558
GPQA (Astrophysics),B,1,1.0,60,70,121.3,10,0.1429,0.171898
GPQA (Genetics),B,1,1.0,66,70,54.05,4,0.0571,0.066688
GPQA (Physics (general)),C,1,0.8429,70,70,71.5,0,0.0,0.188196
GPQA (Molecular Biology),B,1,0.9286,42,70,340.69,20,0.2857,0.617098
GPQA (High-energy particle physics),D,0,0.587,46,70,335.74,21,0.3,0.519816
GPQA (Physics (general)),A,0,0.9032,31,70,241.56,39,0.5571,0.052746
GPQA (Genetics),C,1,1.0,63,70,47.53,1,0.0143,0.08733
GPQA (High-energy particle physics),A,1,0.9091,66,70,87.42,4,0.0571,0.158664
GPQA (Molecular Biology),C,0,0.5962,52,70,223.02,12,0.1714,0.471976
GPQA (Molecular Biology),D,1,1.0,52,70,143.51,18,0.2571,0.103648
GPQA (Organic Chemistry),D,0,0.6222,45,70,438.39,17,0.2429,0.547086
GPQA (Molecular Biology),A,0,0.6452,31,70,608.2,15,0.2143,4.104084
GPQA (Astrophysics),D,1,0.5385,52,70,249.71,18,0.2571,0.30929
GPQA (Astrophysics),A,0,0.5294,51,70,291.8,19,0.2714,0.476994
GPQA (Organic Chemistry),D,0,0.8889,36,70,259.19,33,0.4714,0.178264
GPQA (High-energy particle physics),D,1,0.5366,41,70,358.9,18,0.2571,0.524082
GPQA (Molecular Biology),A,0,1.0,63,70,71.36,7,0.1,0.104694
GPQA (Quantum Mechanics),D,1,0.9808,52,70,321.55,18,0.2571,0.520012
GPQA (Physics (general)),D,1,1.0,59,70,99.55,11,0.1571,0.053866
GPQA (Physics (general)),C,0,0.5,50,70,411.5,18,0.2571,0.672396
GPQA (Molecular Biology),D,1,1.0,48,70,111.53,17,0.2429,0.052554
GPQA (Organic Chemistry),C,0,0.56,50,70,322.42,20,0.2857,0.523052
GPQA (Molecular Biology),B,0,1.0,45,70,174.14,25,0.3571,0.03529
GPQA (Astrophysics),C,1,0.7143,63,70,225.0,7,0.1,0.428354
GPQA (High-energy particle physics),B,1,0.8824,68,70,46.58,2,0.0286,0.07038
GPQA (Astrophysics),A,1,0.6571,70,70,324.11,0,0.0,0.559238
GPQA (Molecular Biology),C,1,1.0,69,70,52.04,1,0.0143,0.101874
GPQA (Quantum Mechanics),B,1,1.0,70,70,274.07,0,0.0,0.379874
GPQA (Quantum Mechanics),C,1,0.6429,56,70,544.34,11,0.1571,0.834364
GPQA (Astrophysics),C,1,0.8,50,70,316.25,20,0.2857,0.445222
GPQA (Quantum Mechanics),C,1,0.6866,67,70,101.08,3,0.0429,0.180642
GPQA (Physics (general)),A,1,0.2292,48,70,420.99,20,0.2857,0.68765
GPQA (Organic Chemistry),A,0,0.7,40,70,354.24,19,0.2714,0.6567
GPQA (Quantum Mechanics),A,1,0.6923,39,70,368.36,31,0.4429,0.295094
GPQA (Chemistry (general)),D,1,0.9692,65,70,170.24,5,0.0714,0.294262
GPQA (Astrophysics),A,1,1.0,70,70,65.65,0,0.0,0.134326
GPQA (Astrophysics),A,1,0.5484,62,70,129.93,8,0.1143,0.18444
GPQA (Quantum Mechanics),C,1,0.9552,67,70,81.34,3,0.0429,0.18868
GPQA (High-energy particle physics),C,1,0.9818,55,70,307.23,13,0.1857,0.429364
GPQA (Molecular Biology),A,1,0.9815,54,70,173.09,16,0.2286,0.21176
GPQA (Molecular Biology),A,1,1.0,66,70,64.65,4,0.0571,0.053276
GPQA (Chemistry (general)),D,1,0.5,50,70,247.54,14,0.2,0.418366
GPQA (Quantum Mechanics),D,0,1.0,61,70,109.4,9,0.1286,0.225718
GPQA (Molecular Biology),A,1,1.0,67,70,56.49,3,0.0429,0.069644
GPQA (Organic Chemistry),C,1,1.0,69,70,65.45,1,0.0143,0.257642
GPQA (Quantum Mechanics),A,1,0.7907,43,70,314.69,18,0.2571,0.584786
GPQA (Organic Chemistry),B,0,0.8108,37,70,242.29,33,0.4714,0.08227
GPQA (Physics (general)),C,0,0.5306,49,70,268.86,21,0.3,0.343832
GPQA (Organic Chemistry),A,0,0.5185,54,70,203.94,15,0.2143,0.335576
GPQA (Chemistry (general)),A,1,0.5806,62,70,346.76,8,0.1143,0.40176
GPQA (Organic Chemistry),B,0,1.0,28,70,341.03,22,0.3143,0.559008
GPQA (Molecular Biology),B,1,0.7949,39,70,364.6,21,0.3,0.602892
GPQA (Genetics),A,1,1.0,33,70,255.36,37,0.5286,0.054262
GPQA (Organic Chemistry),C,1,0.8679,53,70,332.43,17,0.2429,0.552962
GPQA (High-energy particle physics),B,1,1.0,53,70,121.66,17,0.2429,0.067052
GPQA (Organic Chemistry),D,1,0.6833,60,70,143.56,10,0.1429,0.215118
GPQA (Organic Chemistry),D,0,0.549,51,70,226.91,19,0.2714,0.34456
GPQA (Condensed Matter Physics),D,1,1.0,54,70,276.91,16,0.2286,0.353932
GPQA (Organic Chemistry),C,1,0.8444,45,70,278.4,21,0.3,0.463424
GPQA (Quantum Mechanics),C,1,1.0,54,70,334.66,16,0.2286,0.366924
GPQA (Chemistry (general)),A,1,0.5833,48,70,390.0,22,0.3143,0.553152
GPQA (Chemistry (general)),A,1,0.8627,51,70,304.92,18,0.2571,0.398486
GPQA (Physics (general)),B,0,0.5185,54,70,147.58,16,0.2286,0.078682
GPQA (Relativistic Mechanics),A,1,1.0,64,70,111.93,6,0.0857,0.197242
GPQA (Organic Chemistry),C,0,0.5185,54,70,377.63,16,0.2286,0.598356
GPQA (Molecular Biology),C,1,1.0,34,70,219.24,22,0.3143,0.191026
GPQA (Astrophysics),A,0,0.9286,70,70,56.5,0,0.0,0.151858
GPQA (High-energy particle physics),B,0,0.6562,32,70,505.66,20,0.2857,0.760992
GPQA (Organic Chemistry),A,1,0.8814,59,70,152.53,11,0.1571,0.217124
GPQA (Quantum Mechanics),C,1,0.9286,56,70,299.52,14,0.2,0.407298
GPQA (Organic Chemistry),C,1,0.6279,43,70,489.65,19,0.2714,0.647338
GPQA (High-energy particle physics),B,0,0.4186,43,70,393.46,18,0.2571,0.581792
GPQA (Relativistic Mechanics),D,1,0.6889,45,70,288.27,25,0.3571,0.2379
GPQA (Organic Chemistry),D,1,1.0,67,70,69.32,3,0.0429,0.169528
GPQA (Molecular Biology),D,1,1.0,68,70,49.61,2,0.0286,0.117918
GPQA (Chemistry (general)),C,1,0.5536,56,70,277.63,14,0.2,0.419238
GPQA (High-energy particle physics),C,1,1.0,52,70,264.83,18,0.2571,0.326772
GPQA (Molecular Biology),A,1,1.0,63,70,87.95,7,0.1,0.086254
GPQA (Molecular Biology),D,0,0.6,70,70,50.75,0,0.0,0.137806
GPQA (Molecular Biology),D,1,1.0,70,70,44.38,0,0.0,0.10093
GPQA (Quantum Mechanics),A,1,0.9714,70,70,68.96,0,0.0,0.17916
GPQA (Quantum Mechanics),C,0,0.6719,64,70,283.22,6,0.0857,0.458116
GPQA (Quantum Mechanics),D,1,1.0,66,70,227.48,4,0.0571,0.412254
GPQA (Molecular Biology),B,1,0.7895,38,70,412.29,17,0.2429,0.82057
GPQA (Molecular Biology),D,1,1.0,47,70,157.06,23,0.3286,0.066464
GPQA (Relativistic Mechanics),B,1,0.9,70,70,240.39,0,0.0,0.460914
GPQA (Organic Chemistry),C,0,0.5849,53,70,333.58,16,0.2286,0.50152
GPQA (Quantum Mechanics),A,1,0.5306,49,70,291.67,21,0.3,0.331898
GPQA (Electromagnetism and Photonics),C,1,0.9811,53,70,206.26,17,0.2429,0.285256
GPQA (Relativistic Mechanics),D,1,0.5806,62,70,218.37,8,0.1143,0.341086
GPQA (Molecular Biology),B,1,1.0,67,70,41.72,3,0.0429,0.080018
GPQA (Quantum Mechanics),A,1,1.0,67,70,76.28,3,0.0429,0.194866
GPQA (Organic Chemistry),B,1,0.9825,57,70,198.35,12,0.1714,0.331714
GPQA (Organic Chemistry),C,0,0.5185,54,70,280.55,16,0.2286,0.43689
GPQA (Electromagnetism and Photonics),A,0,0.7714,35,70,377.65,22,0.3143,0.568316
GPQA (Organic Chemistry),D,0,0.9655,29,70,276.5,41,0.5857,0.047902
GPQA (Molecular Biology),A,0,0.9333,30,70,294.87,22,0.3143,1.149344
GPQA (Astrophysics),D,1,0.7442,43,70,216.61,27,0.3857,0.114416
GPQA (Organic Chemistry),B,0,0.7273,33,70,425.52,22,0.3143,0.632212
GPQA (Physics (general)),D,1,0.4808,52,70,234.9,18,0.2571,0.217256
GPQA (Astrophysics),A,0,0.56,50,70,283.53,20,0.2857,0.50201
GPQA (Organic Chemistry),B,0,0.6222,45,70,287.77,22,0.3143,0.454512
GPQA (Quantum Mechanics),D,0,0.9032,31,70,244.79,38,0.5429,0.10081
GPQA (Organic Chemistry),C,1,0.8462,52,70,216.8,17,0.2429,0.366886
GPQA (Organic Chemistry),B,1,1.0,56,70,142.46,14,0.2,0.07129
GPQA (Electromagnetism and Photonics),C,1,0.9857,70,70,48.99,0,0.0,0.234242
GPQA (Molecular Biology),D,0,0.5625,64,70,56.94,6,0.0857,0.06623
GPQA (Chemistry (general)),C,0,0.8788,33,70,349.11,21,0.3,0.57749
GPQA (Chemistry (general)),B,0,0.551,49,70,318.37,21,0.3,0.360962
GPQA (Organic Chemistry),C,1,0.931,29,70,305.93,21,0.3,0.588128
GPQA (Molecular Biology),C,1,0.9474,38,70,232.57,32,0.4571,0.063934
GPQA (Organic Chemistry),B,1,0.8889,54,70,190.34,13,0.1857,0.273022
GPQA (Genetics),A,0,0.8667,30,70,385.34,20,0.2857,0.665916
GPQA (Quantum Mechanics),C,1,1.0,40,70,190.77,30,0.4286,0.050832
GPQA (Astrophysics),B,1,1.0,70,70,84.17,0,0.0,0.172162
GPQA (Chemistry (general)),C,1,0.9429,70,70,148.54,0,0.0,0.305528
GPQA (High-energy particle physics),C,1,0.9231,65,70,167.99,5,0.0714,0.368906
GPQA (Electromagnetism and Photonics),B,0,0.4062,64,70,157.08,6,0.0857,0.242994
GPQA (High-energy particle physics),D,0,0.5312,64,70,114.02,6,0.0857,0.248904
GPQA (Chemistry (general)),B,1,1.0,66,70,83.06,4,0.0571,0.11911
GPQA (Chemistry (general)),D,1,0.5,46,70,331.52,15,0.2143,0.58095
GPQA (Astrophysics),A,0,0.5319,47,70,197.71,23,0.3286,0.120602
GPQA (Molecular Biology),C,1,0.5455,66,70,48.13,1,0.0143,0.122894
GPQA (Organic Chemistry),C,1,0.7368,38,70,319.04,21,0.3,0.527358
GPQA (Organic Chemistry),B,1,0.975,40,70,279.85,26,0.3714,0.329092
GPQA (Organic Chemistry),D,1,0.7872,47,70,303.01,23,0.3286,0.293846
GPQA (Quantum Mechanics),D,1,0.8103,58,70,295.19,12,0.1714,0.460022
GPQA (Organic Chemistry),D,0,0.7,40,70,328.66,20,0.2857,0.584092
GPQA (Molecular Biology),C,1,1.0,37,70,229.0,33,0.4714,0.065448
GPQA (Physics (general)),B,0,0.4211,57,70,270.81,13,0.1857,0.386824
GPQA (Quantum Mechanics),D,1,0.9636,55,70,258.41,15,0.2143,0.369906
GPQA (Astrophysics),C,1,0.8276,58,70,124.61,12,0.1714,0.168404
GPQA (Organic Chemistry),D,0,0.4359,39,70,421.54,22,0.3143,0.607846
GPQA (Organic Chemistry),D,1,0.7826,46,70,270.27,18,0.2571,0.406628
GPQA (Statistical Mechanics),B,1,1.0,49,70,196.73,21,0.3,0.124046
GPQA (High-energy particle physics),D,0,1.0,67,70,73.73,3,0.0429,0.097584
GPQA (Chemistry (general)),B,1,0.9057,53,70,376.11,16,0.2286,0.635872
GPQA (Chemistry (general)),D,1,0.8163,49,70,365.67,21,0.3,0.42649
GPQA (Quantum Mechanics),B,1,1.0,62,70,87.02,8,0.1143,0.102622
GPQA (Organic Chemistry),A,0,0.9032,31,70,345.16,22,0.3143,0.590792
GPQA (Genetics),B,1,1.0,50,70,163.0,20,0.2857,0.04574
GPQA (Organic Chemistry),B,1,1.0,52,70,223.16,17,0.2429,0.367304
GPQA (Quantum Mechanics),C,0,0.5,52,70,354.8,17,0.2429,0.685266
GPQA (Physics (general)),B,0,0.9655,29,70,265.72,41,0.5857,0.028602
GPQA (Chemistry (general)),B,0,0.5476,42,70,352.9,19,0.2714,0.572974
GPQA (Molecular Biology),D,1,1.0,46,70,172.69,24,0.3429,0.044684
GPQA (Molecular Biology),B,1,0.9412,68,70,69.1,2,0.0286,0.108636
GPQA (High-energy particle physics),D,1,0.6769,65,70,145.88,4,0.0571,0.34971
GPQA (Organic Chemistry),D,0,0.6304,46,70,224.21,21,0.3,0.20664
GPQA (High-energy particle physics),D,1,0.9844,64,70,255.81,6,0.0857,0.39233
GPQA (Molecular Biology),B,1,0.9355,62,70,179.43,7,0.1,0.411266
GPQA (Organic Chemistry),B,1,0.6078,51,70,258.8,19,0.2714,0.312696
GPQA (Organic Chemistry),A,0,0.3889,54,70,182.56,16,0.2286,0.243138
GPQA (Organic Chemistry),A,0,0.7547,53,70,200.4,17,0.2429,0.26745
GPQA (Molecular Biology),D,1,0.9492,59,70,158.39,11,0.1571,0.255602
GPQA (Physics (general)),D,1,0.8148,54,70,176.25,14,0.2,0.231386
GPQA (Astrophysics),A,1,0.7826,46,70,232.16,22,0.3143,0.316708
GPQA (Molecular Biology),B,0,0.5385,52,70,168.57,18,0.2571,0.222448
GPQA (Organic Chemistry),A,0,0.5926,54,70,195.88,16,0.2286,0.285574
GPQA (High-energy particle physics),B,1,0.9841,63,70,210.3,7,0.1,0.31274
GPQA (Physics (general)),D,1,0.5441,68,70,238.37,2,0.0286,0.433518
GPQA (Chemistry (general)),C,0,0.5962,52,70,330.52,17,0.2429,0.456112
GPQA (Chemistry (general)),SbF₆,0,0.2553,47,70,414.13,20,0.2857,0.681508
GPQA (Organic Chemistry),B,1,1.0,46,70,248.22,20,0.2857,0.37143
GPQA (Chemistry (general)),B,1,1.0,47,70,207.58,23,0.3286,0.12316
GPQA (Quantum Mechanics),D,1,0.6667,42,70,320.15,20,0.2857,0.523988
GPQA (Molecular Biology),A,1,0.7273,44,70,207.64,26,0.3714,0.159314
GPQA (Astrophysics),B,1,0.463,54,70,185.1,16,0.2286,0.285006
GPQA (Organic Chemistry),A,0,0.4688,32,70,335.23,26,0.3714,0.4501
GPQA (Quantum Mechanics),B,1,0.9804,51,70,335.16,19,0.2714,0.391142
GPQA (Molecular Biology),C,1,1.0,59,70,136.58,11,0.1571,0.172258
GPQA (High-energy particle physics),B,1,1.0,65,70,81.85,5,0.0714,0.184118
GPQA (Astrophysics),C,1,0.4462,65,70,151.8,5,0.0714,0.239662
GPQA (High-energy particle physics),B,0,0.5797,69,70,86.44,1,0.0143,0.117806
GPQA (Physics (general)),C,1,0.8986,69,70,243.67,1,0.0143,0.46811
GPQA (Organic Chemistry),B,0,0.7,40,70,325.16,23,0.3286,0.515986
GPQA (Molecular Biology),C,1,1.0,42,70,205.38,28,0.4,0.068094
GPQA (Physics (general)),B,1,1.0,68,70,70.53,2,0.0286,0.115476
GPQA (Organic Chemistry),A,1,0.6087,46,70,314.59,20,0.2857,0.620098
GPQA (High-energy particle physics),D,1,0.6061,33,70,521.82,18,0.2571,0.770856
GPQA (Genetics),A,0,0.7368,38,70,225.44,32,0.4571,0.09153
GPQA (Physics (general)),C,0,0.6324,68,70,54.95,2,0.0286,0.099062
GPQA (Organic Chemistry),B,1,0.9683,63,70,120.88,7,0.1,0.250114
GPQA (Molecular Biology),C,1,1.0,66,70,54.86,4,0.0571,0.099358
GPQA (Quantum Mechanics),C,1,0.7576,66,70,223.1,4,0.0571,0.500272
GPQA (Organic Chemistry),D,0,0.6792,53,70,254.94,16,0.2286,0.428526
GPQA (Chemistry (general)),B,1,0.3529,51,70,403.44,17,0.2429,0.76583
GPQA (Molecular Biology),D,1,1.0,28,70,286.2,42,0.6,0.028112
GPQA (Organic Chemistry),B,1,0.9123,57,70,139.84,13,0.1857,0.228824
GPQA (Molecular Biology),D,1,1.0,69,70,54.74,1,0.0143,0.130096
GPQA (Astrophysics),B,0,0.4681,47,70,380.58,20,0.2857,0.518934
GPQA (Physics (general)),B,1,1.0,70,70,199.12,0,0.0,0.342342
GPQA (Organic Chemistry),C,0,0.5185,54,70,162.92,15,0.2143,0.232032
GPQA (Molecular Biology),B,1,0.9844,64,70,59.29,1,0.0143,0.140426
GPQA (Genetics),B,0,0.5942,69,70,83.49,1,0.0143,0.216664
GPQA (Molecular Biology),D,1,0.96,50,70,281.74,19,0.2714,0.535706
GPQA (Astrophysics),C,1,0.5536,56,70,271.6,14,0.2,0.238018
GPQA (Optics and Acoustics),B,0,0.4912,57,70,193.91,13,0.1857,0.29254
GPQA (Chemistry (general)),C,1,0.8116,69,70,252.67,1,0.0143,0.41393
GPQA (Physics (general)),D,1,0.9275,69,70,193.48,1,0.0143,0.407094
GPQA (Relativistic Mechanics),C,1,0.6226,53,70,206.03,17,0.2429,0.319202
